year,capita
1990,16838.6732
1991,17266.09769
1992,16412.08309
1993,15875.58673
1994,15755.82027
1995,16369.31725
1996,16699.82668
1997,17310.75775
1998,16622.67187
1999,17581.02414
2000,18987.38241
2001,18601.39724
2002,19232.17556
2003,22739.42628
2004,25719.14715
2005,29198.05569
2006,32738.2629
2007,36144.48122
2008,37446.48609
2009,32755.17682
2010,38420.52289
2011,42334.71121
2012,42665.25597
